species;growth_factor_inches;growth_factor_cm
Abies;4,714285714;1,856017998
Abies concolor;7,5;2,952755906
Acer negundo;3;1,181102362
Acer nigrum;5;1,968503937
Acer platanoides;4,5;1,771653543
Acer rubrum;4,5;1,771653543
Acer saccharinum;3;1,181102362
Acer saccharum;5,5;2,165354331
Aesculus;6,5;2,559055118
Aesculus flava;5;1,968503937
Aesculus hippocastanum;8;3,149606299
Betula;4,5;1,771653543
Betula nigra;3,5;1,377952756
Betula papyrifera;5;1,968503937
Betula pendula;5;1,968503937
Carya ovata;7,5;2,952755906
Cercis canadensis;7;2,755905512
Cornus;7;2,755905512
Fagus;5;1,968503937
Fagus grandifolia;6;2,362204724
Fagus sylvatica;4;1,57480315
Fraxinus;4;1,57480315
Fraxinus pennsylvanica;4;1,57480315
Gleditsia triacanthos;3;1,181102362
Gymnocladus dioicus;3;1,181102362
Juglans nigra;4,5;1,771653543
Liquidambar styraciflua;4;1,57480315
Liriodendro tulipifera;3;1,181102362
Picea;4,75;1,87007874
Picea abies;5;1,968503937
Picea pungens;4,5;1,771653543
Pinus;4,625;1,820866142
Pinus nigra;4,5;1,771653543
Pinus resinosa;5,5;2,165354331
Pinus silvestris;3,5;1,377952756
Pinus strobus;5;1,968503937
Platanus occidentalis;4;1,57480315
Populus;2;0,787401575
Populus tremuloides;2;0,787401575
Prunus;5;1,968503937
Prunus serotina;5;1,968503937
Pseudotsuga menziesii;5;1,968503937
Quercus;4,166666667;1,640419948
Quercus alba;5;1,968503937
Quercus coccinea;4;1,57480315
Quercus imbricaria;6;2,362204724
Quercus palustris;3;1,181102362
Quercus rubra;4;1,57480315
Quercus shumardii;3;1,181102362
Salix;2;0,787401575
Salix nigra;2;0,787401575
Tilia;3;1,181102362
Tilia americana;3;1,181102362
Tilia cordata;3;1,181102362
Ulmus;4;1,57480315
Ulmus americana;4;1,57480315
Other ;4;1,57480315
